method,p_order_mean,p_order_median,p_order_std,q_order_mean,q_order_median,q_order_std,mean_time,median_time,sd_time,n_models_tested_mean,n_models_tested_median,n_models_tested_std
grid_search,3.123,3.0,1.813052166419422,6.158,6.0,0.7413403979182471,384.1654840321541,353.341519236565,109.09901733505735,64.0,64.0,0.0
stepwise,1.649,2.0,0.7199425791806715,4.315,5.0,2.05718424235823,82.02605740308762,81.54308927059175,38.47561951323668,16.323,17.0,4.61909157811436
