method     , p_order_mean, p_order_median, p_order_std       , q_order_mean, q_order_median, q_order_std       , mean_time         , median_time        , sd_time           , n_models_tested_mean, n_models_tested_median, n_models_tested_std
grid_search,        1.905,            1.0, 1.6175882021057133,        5.733,            6.0, 1.5697691470962138, 1255.6247011518476, 1220.231982707975  , 366.0703877542538 ,               64.0  ,                   64.0,   0.0
stepwise   ,        1.73 ,            1.0, 1.1421052510186636,        2.192,            2.0, 1.437080791466229 ,  404.2269406199456,  336.34272718429554, 249.48699708841383,               15.179,                   15.0,   4.983954132894761
