method,p_order_mean,p_order_median,p_order_std,q_order_mean,q_order_median,q_order_std,mean_time,median_time,sd_time,n_models_tested_mean,n_models_tested_median,n_models_tested_std
grid_search,3.19,3.0,2.1308309272301353,4.752,5.0,1.4389463390156587,100.57165000000018,99.88000000000105,7.943003769757908,64.0,64.0,0.0
stepwise,2.178,2.0,1.2048932599063569,2.359,2.0,2.125708737724347,22.448540000000015,21.8150000000023,11.982615630393282,17.264,18.0,6.452591722706458
